job_type,average_salary
Accountants and Auditors,"86,740"
"Actors, Producers, and Directors","101,370"
Actuaries,"127,580"
Acupuncturists,"82,390"
Adhesive Bonding Machine Operators and Tenders,"40,100"
"Administrative Law Judges, Adjudicators, and Hearing Officers","97,250"
Administrative Services and Facilities Managers,"112,440"
Administrative Services Managers,"115,640"
"Adult Basic Education, Adult Secondary Education, and English as a Second Language Instructors","63,130"
Advertising and Promotions Managers,"147,050"
Advertising Sales Agents,"73,260"
"Advertising, Marketing, Promotions, Public Relations, and Sales Managers","152,320"
Aerospace Engineering and Operations Technologists and Technicians,"77,060"
Aerospace Engineers,"127,090"
"Agents and Business Managers of Artists, Performers, and Athletes","120,100"
Agricultural and Food Science Technicians,"48,610"
Agricultural and Food Scientists,"81,250"
Agricultural Engineers,"90,710"
Agricultural Equipment Operators,"39,750"
Agricultural Inspectors,"49,020"
"Agricultural Sciences Teachers, Postsecondary","96,650"
Agricultural Technicians,"45,640"
Agricultural Workers,"35,440"
"Agricultural Workers, All Other","39,180"
Air Traffic Controllers,"130,840"
Air Traffic Controllers and Airfield Operations Specialists,"103,460"
Air Transportation Workers,"131,630"
Aircraft Cargo Handling Supervisors,"61,150"
Aircraft Mechanics and Service Technicians,"72,640"
Aircraft Pilots and Flight Engineers,"189,620"
Aircraft Service Attendants,"39,400"
"Aircraft Structure, Surfaces, Rigging, and Systems Assemblers","60,110"
Airfield Operations Specialists,"64,050"
"Airline Pilots, Copilots, and Flight Engineers","225,740"
"Ambulance Drivers and Attendants, Except Emergency Medical Technicians","33,570"
Amusement and Recreation Attendants,"28,350"
Anesthesiologists,"302,970"
Animal Breeders,"48,650"
Animal Care and Service Workers,"32,780"
Animal Caretakers,"32,160"
Animal Control Workers,"43,780"
Animal Scientists,"85,870"
Animal Trainers,"41,820"
Anthropologists and Archeologists,"68,310"
"Anthropology and Archeology Teachers, Postsecondary","98,940"
"Arbitrators, Mediators, and Conciliators","98,920"
"Architects, Except Landscape and Naval","96,510"
"Architects, Except Naval","93,810"
"Architects, Surveyors, and Cartographers","86,670"
Architectural and Civil Drafters,"61,660"
Architectural and Engineering Managers,"163,310"
Architecture and Engineering Occupations,"94,670"
"Architecture Teachers, Postsecondary","104,370"
Archivists,"63,980"
"Archivists, Curators, and Museum Technicians","60,900"
"Area, Ethnic, and Cultural Studies Teachers, Postsecondary","92,980"
Art and Design Workers,"65,180"
Art Directors,"124,310"
"Art, Drama, and Music Teachers, Postsecondary","93,440"
Artists and Related Workers,"108,050"
"Artists and Related Workers, All Other","74,130"
"Arts, Communications, History, and Humanities Teachers, Postsecondary","88,260"
"Arts, Design, Entertainment, Sports, and Media Occupations","76,500"
Assemblers and Fabricators,"41,420"
Astronomers,"127,460"
Astronomers and Physicists,"147,800"
Athletes and Sports Competitors,"358,080"
"Athletes, Coaches, Umpires, and Related Workers","71,730"
Athletic Trainers,"57,810"
Atmospheric and Space Scientists,"93,610"
"Atmospheric, Earth, Marine, and Space Sciences Teachers, Postsecondary","107,540"
Audio and Video Technicians,"57,710"
Audiologists,"89,490"
Audiovisual Equipment Installers and Repairers,"48,450"
Automotive and Watercraft Service Attendants,"32,340"
Automotive Body and Related Repairers,"53,220"
Automotive Glass Installers and Repairers,"43,900"
Automotive Service Technicians and Mechanics,"49,690"
Automotive Technicians and Repairers,"50,170"
Avionics Technicians,"74,730"
Baggage Porters and Bellhops,"33,130"
"Baggage Porters, Bellhops, and Concierges","36,140"
Bailiffs,"54,680"
"Bailiffs, Correctional Officers, and Jailers","54,760"
Bakers,"34,140"
Barbers,"39,350"
"Barbers, Hairdressers, Hairstylists and Cosmetologists","38,930"
Bartenders,"34,490"
Bicycle Repairers,"36,770"
Bill and Account Collectors,"42,820"
Billing and Posting Clerks,"44,800"
Biochemists and Biophysicists,"114,740"
Bioengineers and Biomedical Engineers,"108,060"
"Biological Science Teachers, Postsecondary","97,800"
Biological Scientists,"96,460"
"Biological Scientists, All Other","95,920"
Biological Technicians,"53,560"
Boilermakers,"69,780"
"Bookkeeping, Accounting, and Auditing Clerks","47,440"
Brickmasons and Blockmasons,"62,380"
"Brickmasons, Blockmasons, and Stonemasons","61,400"
Bridge and Lock Tenders,"46,910"
Broadcast Announcers and Radio Disc Jockeys,"155,730"
Broadcast Technicians,"84,860"
"Broadcast, Sound, and Lighting Technicians","69,190"
Brokerage Clerks,"59,200"
Budget Analysts,"87,680"
Building and Grounds Cleaning and Maintenance Occupations,"35,900"
Building Cleaning and Pest Control Workers,"33,730"
Building Cleaning Workers,"33,470"
"Building Cleaning Workers, All Other","41,360"
Bus and Truck Mechanics and Diesel Engine Specialists,"56,140"
"Bus Drivers, School","42,400"
"Bus Drivers, Transit and Intercity","53,920"
Business and Financial Operations Occupations,"86,080"
Business Operations Specialists,"83,280"
"Business Operations Specialists, All Other","82,670"
"Business Teachers, Postsecondary","108,060"
Butchers and Meat Cutters,"38,200"
"Butchers and Other Meat, Poultry, and Fish Processing Workers","36,230"
Buyers and Purchasing Agents,"75,140"
Cabinetmakers and Bench Carpenters,"42,120"
Calibration Technologists and Technicians,"67,200"
Camera and Photographic Equipment Repairers,"46,870"
"Camera Operators, Television, Video, and Film","69,940"
"Captains, Mates, and Pilots of Water Vessels","104,190"
Cardiologists,"421,330"
Cardiovascular Technologists and Technicians,"65,490"
"Career/Technical Education Teachers, Middle School","67,680"
"Career/Technical Education Teachers, Postsecondary","65,500"
"Career/Technical Education Teachers, Secondary School","67,610"
Cargo and Freight Agents,"49,740"
Carpenters,"58,210"
Carpet Installers,"49,520"
"Carpet, Floor, and Tile Installers and Finishers","52,880"
Cartographers and Photogrammetrists,"75,300"
Cashiers,"28,760"
Cashiers,"28,730"
Cement Masons and Concrete Finishers,"53,890"
"Cement Masons, Concrete Finishers, and Terrazzo Workers","53,950"
Chefs and Head Cooks,"60,210"
Chemical Engineers,"117,820"
Chemical Equipment Operators and Tenders,"54,210"
Chemical Plant and System Operators,"79,290"
"Chemical Processing Machine Setters, Operators, and Tenders","52,580"
Chemical Technicians,"56,180"
"Chemistry Teachers, Postsecondary","95,250"
Chemists,"90,530"
Chemists and Materials Scientists,"92,210"
Chief Executives,"246,440"
"Child, Family, and School Social Workers","56,680"
Childcare Workers,"29,570"
Chiropractors,"83,720"
Choreographers,"58,740"
Civil Engineering Technologists and Technicians,"61,480"
Civil Engineers,"97,380"
"Claims Adjusters, Appraisers, Examiners, and Investigators","73,320"
"Claims Adjusters, Examiners, and Investigators","73,380"
Cleaners of Vehicles and Equipment,"32,730"
"Cleaning, Washing, and Metal Pickling Equipment Operators and Tenders","39,130"
Clergy,"60,180"
Clinical and Counseling Psychologists,"102,740"
Clinical Laboratory Technologists and Technicians,"59,130"
Coaches and Scouts,"57,450"
"Coating, Painting, and Spraying Machine Setters, Operators, and Tenders","46,440"
"Coil Winders, Tapers, and Finishers","44,850"
"Coin, Vending, and Amusement Machine Servicers and Repairers","42,500"
Commercial and Industrial Designers,"81,740"
Commercial Divers,"85,630"
Commercial Pilots,"123,250"
Communications Equipment Operators,"37,870"
"Communications Equipment Operators, All Other","50,140"
"Communications Teachers, Postsecondary","84,700"
Community and Social Service Occupations,"55,760"
"Community and Social Service Specialists, All Other","51,620"
Community Health Workers,"49,900"
Compensation and Benefits Managers,"143,140"
"Compensation, Benefits, and Job Analysis Specialists","75,920"
Compliance Officers,"76,980"
Computer and Information Analysts,"110,550"
Computer and Information Research Scientists,"155,880"
Computer and Information Systems Managers,"173,670"
Computer and Mathematical Occupations,"108,130"
Computer Hardware Engineers,"140,830"
Computer Network Architects,"129,490"
Computer Network Support Specialists,"76,060"
Computer Numerically Controlled Tool Operators,"47,940"
Computer Numerically Controlled Tool Operators and Programmers,"50,200"
Computer Numerically Controlled Tool Programmers,"64,580"
Computer Occupations,"108,100"
"Computer Occupations, All Other","104,660"
Computer Programmers,"102,790"
"Computer Science Teachers, Postsecondary","98,610"
Computer Support Specialists,"64,410"
Computer Systems Analysts,"107,530"
Computer User Support Specialists,"61,580"
"Computer, Automated Teller, and Office Machine Repairers","47,120"
Concierges,"38,270"
Conservation Scientists,"69,810"
Conservation Scientists and Foresters,"69,310"
Construction and Building Inspectors,"70,130"
Construction and Extraction Occupations,"58,400"
Construction Equipment Operators,"58,910"
Construction Laborers,"46,350"
Construction Managers,"112,790"
Construction Trades Workers,"56,510"
Continuous Mining Machine Operators,"57,120"
Control and Valve Installers and Repairers,"61,620"
"Control and Valve Installers and Repairers, Except Mechanical Door","69,410"
Conveyor Operators and Tenders,"40,060"
Cooks,"32,080"
Cooks and Food Preparation Workers,"31,730"
"Cooks, All Other","35,120"
"Cooks, Fast Food","27,920"
"Cooks, Institution and Cafeteria","33,670"
"Cooks, Private Household","45,510"
"Cooks, Restaurant","33,940"
"Cooks, Short Order","30,770"
Cooling and Freezing Equipment Operators and Tenders,"44,240"
Correctional Officers and Jailers,"54,760"
Correspondence Clerks,"42,560"
Cost Estimators,"76,740"
Costume Attendants,"55,070"
Counselors,"58,400"
"Counselors, All Other","49,770"
"Counselors, Social Workers, and Other Community and Social Service Specialists","55,660"
Counter and Rental Clerks,"39,320"
Counter and Rental Clerks and Parts Salespersons,"39,290"
Couriers and Messengers,"36,250"
Court Reporters and Simultaneous Captioners,"70,290"
"Court, Municipal, and License Clerks","46,280"
Craft Artists,"49,180"
Crane and Tower Operators,"65,220"
Credit Analysts,"92,180"
"Credit Authorizers, Checkers, and Clerks","46,180"
Credit Counselors,"51,650"
Credit Counselors and Loan Officers,"81,640"
Crematory Operators,"43,120"
"Criminal Justice and Law Enforcement Teachers, Postsecondary","78,980"
Crossing Guards and Flaggers,"37,490"
"Crushing, Grinding, and Polishing Machine Setters, Operators, and Tenders","45,310"
"Crushing, Grinding, Polishing, Mixing, and Blending Workers","44,630"
Curators,"67,490"
Customer Service Representatives,"41,190"
"Cutters and Trimmers, Hand","37,830"
"Cutting and Slicing Machine Setters, Operators, and Tenders","41,980"
Cutting Workers,"41,430"
"Cutting, Punching, and Press Machine Setters, Operators, and Tenders, Metal and Plastic","42,240"
Dancers,*
Dancers and Choreographers,"54,050"
Data Entry and Information Processing Workers,"39,450"
Data Entry Keyers,"37,970"
Data Scientists,"115,240"
Database Administrators,"102,530"
Database and Network Administrators and Architects,"110,400"
Database Architects,"136,540"
Demonstrators and Product Promoters,"38,470"
Dental and Ophthalmic Laboratory Technicians and Medical Appliance Technicians,"46,240"
Dental Assistants,"44,710"
Dental Hygienists,"84,860"
Dental Laboratory Technicians,"49,930"
Dentists,"180,900"
"Dentists, All Other Specialists","233,430"
"Dentists, General","172,290"
Dermatologists,"327,650"
"Derrick Operators, Oil and Gas","53,770"
"Derrick, Rotary Drill, and Service Unit Operators, Oil and Gas","57,210"
Designers,"56,450"
"Designers, All Other","76,430"
Desktop Publishers,"53,390"
Detectives and Criminal Investigators,"91,610"
Diagnostic Medical Sonographers,"84,410"
Diagnostic Related Technologists and Technicians,"74,700"
Dietetic Technicians,"36,370"
Dietitians and Nutritionists,"69,350"
Dining Room and Cafeteria Attendants and Bartender Helpers,"30,290"
"Directors, Religious Activities and Education","60,540"
"Disc Jockeys, Except Radio",*
Dishwashers,"29,560"
Dispatchers,"48,670"
"Dispatchers, Except Police, Fire, and Ambulance","48,350"
"Door-to-Door Sales Workers, News and Street Vendors, and Related Workers","36,280"
Drafters,"63,300"
"Drafters, All Other","60,370"
"Drafters, Engineering Technicians, and Mapping Technicians","64,370"
Dredge Operators,"51,770"
"Drilling and Boring Machine Tool Setters, Operators, and Tenders, Metal and Plastic","45,350"
Driver/Sales Workers,"35,560"
Driver/Sales Workers and Truck Drivers,"48,240"
Drywall and Ceiling Tile Installers,"57,880"
"Drywall Installers, Ceiling Tile Installers, and Tapers","58,960"
"Earth Drillers, Except Oil and Gas","57,250"
"Economics Teachers, Postsecondary","122,750"
Economists,"128,180"
Editors,"84,820"
"Education Administrators, All Other","99,820"
"Education Administrators, Kindergarten through Secondary","106,690"
"Education Administrators, Postsecondary","115,180"
Education and Childcare Administrators,"103,370"
"Education and Childcare Administrators, Preschool and Daycare","57,610"
"Education and Library Science Teachers, Postsecondary","78,770"
"Education Teachers, Postsecondary","78,540"
Educational Instruction and Library Occupations,"63,240"
"Educational Instruction and Library Workers, All Other","52,250"
"Educational, Guidance, and Career Counselors and Advisors","64,200"
"Electric Motor, Power Tool, and Related Repairers","51,500"
Electrical and Electronic Engineering Technologists and Technicians,"70,810"
"Electrical and Electronic Equipment Mechanics, Installers, and Repairers","59,500"
Electrical and Electronics Drafters,"68,640"
Electrical and Electronics Engineers,"115,680"
"Electrical and Electronics Installers and Repairers, Transportation Equipment","71,740"
"Electrical and Electronics Repairers, Commercial and Industrial Equipment","66,650"
"Electrical and Electronics Repairers, Powerhouse, Substation, and Relay","88,770"
Electrical Engineers,"114,050"
Electrical Power-Line Installers and Repairers,"82,770"
"Electrical, Electronic, and Electromechanical Assemblers, Except Coil Winders, Tapers, and Finishers","41,770"
"Electrical, Electronics, and Electromechanical Assemblers","41,890"
Electricians,"65,280"
Electro-Mechanical and Mechatronics Technologists and Technicians,"65,920"
"Electronic Equipment Installers and Repairers, Motor Vehicles","45,720"
"Electronics Engineers, Except Computer","118,460"
Elementary and Middle School Teachers,"67,930"
"Elementary School Teachers, Except Special Education","68,000"
Elevator and Escalator Installers and Repairers,"93,960"
"Eligibility Interviewers, Government Programs","50,020"
Embalmers,"54,120"
Embalmers and Crematory Operators,"49,440"
Emergency Management Directors,"88,890"
Emergency Medical Technicians,"40,120"
Emergency Medical Technicians and Paramedics,"45,000"
Emergency Medicine Physicians,"316,600"
Engine and Other Machine Assemblers,"51,980"
"Engineering and Architecture Teachers, Postsecondary","112,940"
"Engineering Teachers, Postsecondary","114,470"
"Engineering Technologists and Technicians, Except Drafters","66,780"
"Engineering Technologists and Technicians, Except Drafters, All Other","70,550"
Engineers,"107,170"
"Engineers, All Other","111,280"
"English Language and Literature Teachers, Postsecondary","83,130"
"Entertainers and Performers, Sports and Related Workers","85,030"
"Entertainers and Performers, Sports and Related Workers, All Other",*
Entertainment and Recreation Managers,"82,530"
"Entertainment and Recreation Managers, Except Gambling","79,750"
Entertainment Attendants and Related Workers,"29,830"
"Entertainment Attendants and Related Workers, All Other","30,810"
Environmental Engineering Technologists and Technicians,"58,020"
Environmental Engineers,"101,670"
Environmental Science and Geoscience Technicians,"56,140"
"Environmental Science and Protection Technicians, Including Health","53,970"
"Environmental Science Teachers, Postsecondary","91,450"
Environmental Scientists and Geoscientists,"89,350"
"Environmental Scientists and Specialists, Including Health","83,820"
Epidemiologists,"85,880"
Etchers and Engravers,"40,950"
"Excavating and Loading Machine and Dragline Operators, Surface Mining","53,490"
Executive Secretaries and Executive Administrative Assistants,"71,060"
Exercise Physiologists,"55,820"
Exercise Trainers and Group Fitness Instructors,"50,170"
"Explosives Workers, Ordnance Handling Experts, and Blasters","61,560"
Extraction Workers,"53,850"
"Extraction Workers, All Other","53,220"
"Extruding and Drawing Machine Setters, Operators, and Tenders, Metal and Plastic","42,580"
"Extruding and Forming Machine Setters, Operators, and Tenders, Synthetic and Glass Fibers","42,770"
"Extruding, Forming, Pressing, and Compacting Machine Setters, Operators, and Tenders","41,940"
Fabric and Apparel Patternmakers,"66,820"
Facilities Managers,"105,970"
Fallers,"58,130"
"Family and Consumer Sciences Teachers, Postsecondary","89,840"
Family Medicine Physicians,"224,460"
Farm and Home Management Educators,"58,450"
Farm Equipment Mechanics and Service Technicians,"49,930"
Farm Labor Contractors,"54,630"
"Farmers, Ranchers, and Other Agricultural Managers","83,790"
"Farming, Fishing, and Forestry Occupations","37,870"
"Farmworkers and Laborers, Crop, Nursery, and Greenhouse","34,300"
"Farmworkers, Farm, Ranch, and Aquacultural Animals","36,290"
Fashion Designers,"85,760"
Fast Food and Counter Workers,"28,130"
Fence Erectors,"43,780"
Fiberglass Laminators and Fabricators,"41,280"
File Clerks,"39,560"
Film and Video Editors,"80,990"
Financial Analysts and Advisors,"116,770"
Financial and Investment Analysts,"108,790"
Financial Clerks,"45,600"
"Financial Clerks, All Other","49,710"
Financial Examiners,"95,610"
Financial Managers,"166,050"
Financial Risk Specialists,"116,140"
Financial Specialists,"92,290"
"Financial Specialists, All Other","83,580"
"Fine Artists, Including Painters, Sculptors, and Illustrators","69,870"
Fire Inspectors,"74,170"
Fire Inspectors and Investigators,"76,910"
Firefighters,"56,310"
Firefighting and Prevention Workers,"57,200"
First-Line Supervisors of Building and Grounds Cleaning and Maintenance Workers,"50,980"
First-Line Supervisors of Construction Trades and Extraction Workers,"77,650"
First-Line Supervisors of Correctional Officers,"70,190"
First-Line Supervisors of Entertainment and Recreation Workers,"50,310"
"First-Line Supervisors of Entertainment and Recreation Workers, Except Gambling Services","48,630"
"First-Line Supervisors of Farming, Fishing, and Forestry Workers","58,820"
First-Line Supervisors of Firefighting and Prevention Workers,"84,810"
First-Line Supervisors of Food Preparation and Serving Workers,"41,020"
First-Line Supervisors of Gambling Services Workers,"56,400"
First-Line Supervisors of Housekeeping and Janitorial Workers,"47,430"
"First-Line Supervisors of Landscaping, Lawn Service, and Groundskeeping Workers","55,770"
First-Line Supervisors of Law Enforcement Workers,"90,710"
"First-Line Supervisors of Mechanics, Installers, and Repairers","76,020"
First-Line Supervisors of Non-Retail Sales Workers,"96,890"
First-Line Supervisors of Office and Administrative Support Workers,"65,510"
First-Line Supervisors of Personal Service Workers,"47,330"
First-Line Supervisors of Police and Detectives,"99,410"
First-Line Supervisors of Production and Operating Workers,"69,100"
"First-Line Supervisors of Protective Service Workers, All Other","63,730"
First-Line Supervisors of Retail Sales Workers,"50,130"
First-Line Supervisors of Sales Workers,"58,450"
First-Line Supervisors of Security Workers,"54,750"
First-Line Supervisors of Transportation and Material Moving Workers,"60,850"
"First-Line Supervisors of Transportation and Material Moving Workers, Except Aircraft Cargo Handling Supervisors","60,850"
Fish and Game Wardens,"59,860"
Flight Attendants,"67,020"
"Floor Layers, Except Carpet, Wood, and Hard Tiles","54,870"
Floor Sanders and Finishers,"49,330"
Floral Designers,"34,310"
Food and Beverage Serving Workers,"30,540"
"Food and Tobacco Roasting, Baking, and Drying Machine Operators and Tenders","39,770"
Food Batchmakers,"38,710"
Food Cooking Machine Operators and Tenders,"37,760"
Food Preparation and Serving Related Occupations,"32,130"
"Food Preparation and Serving Related Workers, All Other","31,990"
Food Preparation Workers,"30,720"
Food Processing Workers,"36,300"
"Food Processing Workers, All Other","35,430"
Food Science Technicians,"51,320"
Food Scientists and Technologists,"85,730"
"Food Servers, Nonrestaurant","31,940"
Food Service Managers,"67,130"
"Foreign Language and Literature Teachers, Postsecondary","83,300"
Forensic Science Technicians,"69,260"
Forest and Conservation Technicians,"45,000"
Forest and Conservation Workers,"36,010"
Forest Fire Inspectors and Prevention Specialists,"56,780"
"Forest, Conservation, and Logging Workers","46,210"
Foresters,"68,090"
"Forestry and Conservation Science Teachers, Postsecondary","98,160"
"Forging Machine Setters, Operators, and Tenders, Metal and Plastic","46,940"
"Forming Machine Setters, Operators, and Tenders, Metal and Plastic","44,580"
Foundry Mold and Coremakers,"42,000"
Fundraisers,"66,670"
Fundraising Managers,"124,450"
Funeral Attendants,"34,340"
Funeral Home Managers,"84,770"
Funeral Service Workers,"45,010"
"Furnace, Kiln, Oven, Drier, and Kettle Operators and Tenders","46,180"
Furniture Finishers,"39,880"
Gambling and Sports Book Writers and Runners,"32,310"
Gambling Cage Workers,"33,370"
Gambling Change Persons and Booth Cashiers,"32,950"
Gambling Dealers,"34,350"
Gambling Managers,"95,830"
"Gambling Service Workers, All Other","34,340"
Gambling Services Workers,"34,170"
Gambling Surveillance Officers and Gambling Investigators,"39,290"
Gas Compressor and Gas Pumping Station Operators,"61,500"
Gas Plant Operators,"78,430"
General and Operations Managers,"122,860"
General Internal Medicine Physicians,"225,270"
Genetic Counselors,"93,120"
Geographers,"88,960"
"Geography Teachers, Postsecondary","87,880"
"Geological Technicians, Except Hydrologic Technicians","60,810"
"Geoscientists, Except Hydrologists and Geographers","104,560"
Glaziers,"55,160"
"Graders and Sorters, Agricultural Products","32,990"
Graphic Designers,"64,500"
"Grinding and Polishing Workers, Hand","38,770"
"Grinding, Lapping, Polishing, and Buffing Machine Tool Setters, Operators, and Tenders, Metal and Plastic","42,050"
Grounds Maintenance Workers,"38,100"
"Grounds Maintenance Workers, All Other","43,750"
"Hairdressers, Hairstylists, and Cosmetologists","38,910"
Hazardous Materials Removal Workers,"51,620"
"Health and Safety Engineers, Except Mining Safety Engineers and Inspectors","103,570"
Health Education Specialists,"66,710"
Health Information Technologists and Medical Registrars,"65,280"
Health Practitioner Support Technologists and Technicians,"42,600"
"Health Specialties Teachers, Postsecondary","127,640"
"Health Teachers, Postsecondary","116,780"
Health Technologists and Technicians,"53,230"
"Health Technologists and Technicians, All Other","50,790"
Healthcare Diagnosing or Treating Practitioners,"118,990"
"Healthcare Diagnosing or Treating Practitioners, All Other","123,960"
Healthcare Practitioners and Technical Occupations,"96,770"
"Healthcare Practitioners and Technical Workers, All Other","68,170"
Healthcare Social Workers,"62,760"
Healthcare Support Occupations,"35,560"
"Healthcare Support Workers, All Other","43,490"
Hearing Aid Specialists,"62,480"
"Heat Treating Equipment Setters, Operators, and Tenders, Metal and Plastic","43,700"
"Heating, Air Conditioning, and Refrigeration Mechanics and Installers","57,460"
Heavy and Tractor-Trailer Truck Drivers,"53,090"
Heavy Vehicle and Mobile Equipment Service Technicians and Mechanics,"58,190"
"Helpers--Brickmasons, Blockmasons, Stonemasons, and Tile and Marble Setters","44,230"
Helpers--Carpenters,"38,880"
Helpers--Electricians,"38,840"
Helpers--Extraction Workers,"44,410"
"Helpers--Installation, Maintenance, and Repair Workers","36,750"
"Helpers--Painters, Paperhangers, Plasterers, and Stucco Masons","38,040"
"Helpers--Pipelayers, Plumbers, Pipefitters, and Steamfitters","37,590"
Helpers--Production Workers,"35,740"
Helpers--Roofers,"40,880"
"Helpers, Construction Trades","39,320"
"Helpers, Construction Trades, All Other","40,790"
Highway Maintenance Workers,"45,790"
Historians,"72,900"
"History Teachers, Postsecondary","88,640"
Hoist and Winch Operators,"69,120"
Home Appliance Repairers,"47,500"
Home Health and Personal Care Aides,"30,930"
"Home Health and Personal Care Aides; and Nursing Assistants, Orderlies, and Psychiatric Aides","32,440"
"Hosts and Hostesses, Restaurant, Lounge, and Coffee Shop","28,380"
"Hotel, Motel, and Resort Desk Clerks","30,300"
"Human Resources Assistants, Except Payroll and Timekeeping","46,900"
Human Resources Managers,"145,750"
Human Resources Specialists,"73,080"
Human Resources Workers,"74,060"
Hydrologic Technicians,"66,640"
Hydrologists,"96,300"
Industrial Engineering Technologists and Technicians,"63,470"
Industrial Engineers,"98,560"
"Industrial Engineers, Including Health and Safety","98,880"
"Industrial Machinery Installation, Repair, and Maintenance Workers","60,390"
Industrial Machinery Mechanics,"60,990"
Industrial Production Managers,"120,900"
Industrial Truck and Tractor Operators,"43,240"
Industrial-Organizational Psychologists,"144,610"
Information and Record Clerks,"40,500"
"Information and Record Clerks, All Other","45,910"
Information Security Analysts,"119,860"
"Inspectors, Testers, Sorters, Samplers, and Weighers","47,290"
"Installation, Maintenance, and Repair Occupations","55,680"
"Installation, Maintenance, and Repair Workers, All Other","47,800"
Instructional Coordinators,"73,080"
Insulation Workers,"53,330"
"Insulation Workers, Floor, Ceiling, and Wall","48,870"
"Insulation Workers, Mechanical","59,100"
"Insurance Appraisers, Auto Damage","71,580"
Insurance Claims and Policy Processing Clerks,"47,840"
Insurance Sales Agents,"76,950"
Insurance Underwriters,"82,990"
Interior Designers,"67,460"
Interpreters and Translators,"61,730"
"Interviewers, Except Eligibility and Loan","41,140"
"Janitors and Cleaners, Except Maids and Housekeeping Cleaners","33,960"
Jewelers and Precious Stone and Metal Workers,"50,530"
"Judges, Magistrate Judges, and Magistrates","153,700"
"Judges, Magistrates, and Other Judicial Workers","130,380"
Judicial Law Clerks,"66,310"
"Kindergarten Teachers, Except Special Education","65,120"
Labor Relations Specialists,"87,470"
"Laborers and Freight, Stock, and Material Movers, Hand","37,510"
Laborers and Material Movers,"36,050"
Landscape Architects,"77,820"
Landscaping and Groundskeeping Workers,"37,270"
"Lathe and Turning Machine Tool Setters, Operators, and Tenders, Metal and Plastic","47,820"
Laundry and Dry-Cleaning Workers,"29,660"
Law Enforcement Workers,"67,580"
"Law Teachers, Postsecondary","133,950"
"Law, Criminal Justice, and Social Work Teachers, Postsecondary","97,900"
Lawyers,"163,770"
Lawyers and Judicial Law Clerks,"161,680"
"Lawyers, Judges, and Related Workers","159,710"
"Layout Workers, Metal and Plastic","56,170"
Legal Occupations,"124,540"
Legal Secretaries and Administrative Assistants,"54,180"
Legal Support Workers,"63,640"
"Legal Support Workers, All Other","77,200"
Legislators,"71,100"
Librarians and Media Collections Specialists,"64,770"
"Librarians, Curators, and Archivists","56,750"
"Library Assistants, Clerical","33,980"
"Library Science Teachers, Postsecondary","81,720"
Library Technicians,"40,590"
Licensed Practical and Licensed Vocational Nurses,"55,860"
"Life Sciences Teachers, Postsecondary","97,650"
Life Scientists,"96,840"
"Life Scientists, All Other","100,370"
"Life, Physical, and Social Science Occupations","83,640"
"Life, Physical, and Social Science Technicians","55,900"
"Life, Physical, and Social Science Technicians, All Other","57,790"
"Lifeguards, Ski Patrol, and Other Recreational Protective Service Workers","28,370"
Light Truck Drivers,"45,020"
Lighting Technicians,"74,020"
Line Installers and Repairers,"74,010"
"Loading and Moving Machine Operators, Underground Mining","62,420"
Loan Interviewers and Clerks,"46,740"
Loan Officers,"84,160"
"Locker Room, Coatroom, and Dressing Room Attendants","32,560"
Locksmiths and Safe Repairers,"50,210"
Locomotive Engineers,"73,850"
Locomotive Engineers and Operators,"72,790"
Lodging Managers,"73,230"
Log Graders and Scalers,"44,570"
Logging Equipment Operators,"46,570"
Logging Workers,"47,900"
"Logging Workers, All Other","47,850"
Logisticians,"81,220"
Logisticians and Project Management Specialists,"97,660"
Machine Feeders and Offbearers,"39,100"
"Machine Tool Cutting Setters, Operators, and Tenders, Metal and Plastic","42,990"
Machinists,"51,430"
Magnetic Resonance Imaging Technologists,"81,530"
Maids and Housekeeping Cleaners,"31,920"
"Mail Clerks and Mail Machine Operators, Except Postal Service","36,210"
"Maintenance and Repair Workers, General","47,130"
"Maintenance Workers, Machinery","55,910"
"Makeup Artists, Theatrical and Performance","93,850"
Management Analysts,"104,660"
Management Occupations,"131,200"
"Managers, All Other","141,190"
Manicurists and Pedicurists,"33,560"
Manufactured Building and Mobile Home Installers,"38,020"
Marine Engineers and Naval Architects,"105,560"
Market Research Analysts and Marketing Specialists,"78,880"
Marketing and Sales Managers,"153,470"
Marketing Managers,"158,280"
Marriage and Family Therapists,"63,300"
Massage Therapists,"57,060"
Material Moving Workers,"37,270"
"Material Moving Workers, All Other","43,290"
"Material Recording, Scheduling, Dispatching, and Distributing Workers","47,770"
Materials Engineers,"105,420"
Materials Scientists,"110,690"
"Math and Computer Science Teachers, Postsecondary","93,690"
Mathematical Science Occupations,"108,620"
"Mathematical Science Occupations, All Other","82,160"
"Mathematical Science Teachers, Postsecondary","90,110"
Mathematicians,"113,860"
"Meat, Poultry, and Fish Cutters and Trimmers","35,090"
Mechanical Door Repairers,"48,400"
Mechanical Drafters,"65,700"
Mechanical Engineering Technologists and Technicians,"64,530"
Mechanical Engineers,"100,820"
Media and Communication Equipment Workers,"67,310"
"Media and Communication Equipment Workers, All Other","74,490"
Media and Communication Workers,"84,890"
"Media and Communication Workers, All Other","113,840"
Medical and Health Services Managers,"127,980"
Medical Appliance Technicians,"46,240"
Medical Assistants,"40,700"
Medical Dosimetrists,"129,080"
Medical Equipment Preparers,"44,940"
Medical Equipment Repairers,"60,950"
Medical Records Specialists,"51,090"
Medical Scientists,"108,720"
"Medical Scientists, Except Epidemiologists","110,670"
Medical Secretaries and Administrative Assistants,"41,260"
Medical Transcriptionists,"37,090"
"Meeting, Convention, and Event Planners","58,750"
Mental Health and Substance Abuse Social Workers,"60,130"
Merchandise Displayers and Window Trimmers,"38,120"
"Metal Furnace Operators, Tenders, Pourers, and Casters","51,810"
Metal Workers and Plastic Workers,"47,020"
"Metal Workers and Plastic Workers, All Other","41,960"
Metal-Refining Furnace Operators and Tenders,"53,450"
"Meter Readers, Utilities","49,800"
Microbiologists,"88,950"
"Middle School Teachers, Except Special and Career/Technical Education","67,790"
"Milling and Planing Machine Setters, Operators, and Tenders, Metal and Plastic","49,200"
Millwrights,"61,750"
"Mining and Geological Engineers, Including Mining Safety Engineers","101,290"
Miscellaneous Agricultural Workers,"35,020"
Miscellaneous Assemblers and Fabricators,"40,250"
Miscellaneous Business Operations Specialists,"82,670"
Miscellaneous Communications Equipment Operators,"50,140"
Miscellaneous Community and Social Service Specialists,"48,680"
Miscellaneous Computer Occupations,"104,660"
Miscellaneous Construction and Related Workers,"48,620"
Miscellaneous Educational Instruction and Library Workers,"52,250"
"Miscellaneous Electrical and Electronic Equipment Mechanics, Installers, and Repairers","62,090"
Miscellaneous Engineers,"111,280"
"Miscellaneous Entertainers and Performers, Sports and Related Workers",*
Miscellaneous Entertainment Attendants and Related Workers,"28,980"
Miscellaneous Extraction Workers,"53,220"
Miscellaneous Financial Clerks,"49,710"
Miscellaneous Financial Specialists,"83,580"
"Miscellaneous First-Line Supervisors, Protective Service Workers","57,280"
Miscellaneous Food Preparation and Serving Related Workers,"31,990"
Miscellaneous Food Processing Workers,"38,090"
Miscellaneous Health Practitioners and Technical Workers,"64,310"
Miscellaneous Health Technologists and Technicians,"52,810"
Miscellaneous Healthcare Diagnosing or Treating Practitioners,"89,440"
Miscellaneous Healthcare Support Occupations,"41,280"
Miscellaneous Information and Record Clerks,"45,910"
"Miscellaneous Installation, Maintenance, and Repair Workers","45,910"
Miscellaneous Legal Support Workers,"66,390"
Miscellaneous Life Scientists,"100,370"
"Miscellaneous Life, Physical, and Social Science Technicians","60,070"
Miscellaneous Managers,"141,190"
Miscellaneous Material Moving Workers,"43,290"
Miscellaneous Mathematical Science Occupations,"82,160"
Miscellaneous Media and Communication Equipment Workers,"74,490"
Miscellaneous Media and Communication Workers,"76,830"
Miscellaneous Metal Workers and Plastic Workers,"43,110"
Miscellaneous Motor Vehicle Operators,"37,650"
Miscellaneous Office and Administrative Support Workers,"43,150"
Miscellaneous Personal Appearance Workers,"38,400"
Miscellaneous Personal Care and Service Workers,"33,580"
Miscellaneous Physical Scientists,"116,230"
Miscellaneous Plant and System Operators,"77,340"
Miscellaneous Postsecondary Teachers,"83,240"
Miscellaneous Production Workers,"39,640"
Miscellaneous Protective Service Workers,"36,670"
Miscellaneous Rail Transportation Workers,"46,780"
Miscellaneous Religious Workers,"45,420"
Miscellaneous Sales and Related Workers,"55,080"
"Miscellaneous Sales Representatives, Services","77,390"
Miscellaneous Social Scientists and Related Workers,"92,800"
Miscellaneous Teachers and Instructors,"66,450"
"Miscellaneous Textile, Apparel, and Furnishings Workers","42,030"
Miscellaneous Transportation Workers,"40,290"
"Miscellaneous Vehicle and Mobile Equipment Mechanics, Installers, and Repairers","36,780"
Miscellaneous Woodworkers,"36,870"
"Mixing and Blending Machine Setters, Operators, and Tenders","45,220"
"Mobile Heavy Equipment Mechanics, Except Engines","59,560"
"Model Makers and Patternmakers, Metal and Plastic","58,320"
"Model Makers and Patternmakers, Wood","50,580"
"Model Makers, Metal and Plastic","60,220"
"Model Makers, Wood","52,820"
Models,"77,310"
"Models, Demonstrators, and Product Promoters","40,230"
"Molders and Molding Machine Setters, Operators, and Tenders, Metal and Plastic","39,830"
"Molders, Shapers, and Casters, Except Metal and Plastic","41,680"
"Molding, Coremaking, and Casting Machine Setters, Operators, and Tenders, Metal and Plastic","39,690"
"Morticians, Undertakers, and Funeral Arrangers","58,430"
Motion Picture Projectionists,"35,710"
Motor Vehicle Operators,"47,110"
"Motor Vehicle Operators, All Other","37,650"
Motorboat Mechanics and Service Technicians,"50,280"
Motorboat Operators,"47,300"
Motorcycle Mechanics,"44,740"
"Multiple Machine Tool Setters, Operators, and Tenders, Metal and Plastic","42,040"
Museum Technicians and Conservators,"52,820"
Music Directors and Composers,"95,430"
Musical Instrument Repairers and Tuners,"43,120"
Natural Sciences Managers,"163,610"
Network and Computer Systems Administrators,"97,160"
Neurologists,"255,510"
New Accounts Clerks,"42,880"
"News Analysts, Reporters and Journalists","86,290"
"News Analysts, Reporters, and Journalists","86,290"
Nuclear Engineers,"124,540"
Nuclear Medicine Technologists,"89,610"
Nuclear Power Reactor Operators,"117,510"
Nuclear Technicians,"97,040"
Nurse Anesthetists,"205,770"
Nurse Midwives,"122,450"
Nurse Practitioners,"124,680"
Nursing Assistants,"36,220"
"Nursing Assistants, Orderlies, and Psychiatric Aides","36,270"
"Nursing Instructors and Teachers, Postsecondary","84,180"
Obstetricians and Gynecologists,"277,320"
Occupational Health and Safety Specialists,"82,110"
Occupational Health and Safety Specialists and Technicians,"78,750"
Occupational Health and Safety Technicians,"63,230"
Occupational Therapists,"92,800"
Occupational Therapy Aides,"43,090"
Occupational Therapy and Physical Therapist Assistants and Aides,"57,370"
Occupational Therapy Assistants,"66,280"
Occupational Therapy Assistants and Aides,"64,470"
Office and Administrative Support Occupations,"45,550"
"Office and Administrative Support Workers, All Other","43,150"
"Office Clerks, General","41,140"
"Office Machine Operators, Except Computer","38,300"
Operating Engineers and Other Construction Equipment Operators,"59,420"
Operations Research Analysts,"95,820"
Operations Specialties Managers,"148,190"
Ophthalmic Laboratory Technicians,"40,140"
Ophthalmic Medical Technicians,"42,480"
"Ophthalmologists, Except Pediatric","265,450"
"Opticians, Dispensing","44,890"
Optometrists,"133,100"
Oral and Maxillofacial Surgeons,"309,410"
Order Clerks,"40,540"
Orderlies,"36,070"
Orthodontists,"216,320"
"Orthopedic Surgeons, Except Pediatric","371,400"
Orthotists and Prosthetists,"78,240"
Other Construction and Related Workers,"56,990"
Other Educational Instruction and Library Occupations,"40,410"
Other Food Preparation and Serving Related Workers,"29,600"
Other Healthcare Practitioners and Technical Occupations,"64,580"
Other Healthcare Support Occupations,"42,070"
"Other Installation, Maintenance, and Repair Occupations","52,970"
Other Management Occupations,"113,420"
Other Office and Administrative Support Workers,"41,550"
Other Personal Care and Service Workers,"36,080"
Other Production Occupations,"44,260"
Other Protective Service Workers,"37,220"
Other Sales and Related Workers,"64,480"
Other Teachers and Instructors,"48,700"
Other Transportation Workers,"37,750"
Outdoor Power Equipment and Other Small Engine Mechanics,"42,590"
Packaging and Filling Machine Operators and Tenders,"39,060"
"Packers and Packagers, Hand","33,310"
Painters and Paperhangers,"49,350"
"Painters, Construction and Maintenance","49,350"
Painting Workers,"46,100"
"Painting, Coating, and Decorating Workers","41,770"
"Paper Goods Machine Setters, Operators, and Tenders","46,390"
Paperhangers,"49,030"
Paralegals and Legal Assistants,"62,840"
Paramedics,"53,560"
Parking Attendants,"31,230"
Parking Enforcement Workers,"44,670"
Parts Salespersons,"39,250"
Passenger Attendants,"36,230"
Passenger Vehicle Drivers,"42,420"
"Patternmakers, Metal and Plastic","55,470"
"Patternmakers, Wood","45,720"
"Paving, Surfacing, and Tamping Equipment Operators","52,730"
Payroll and Timekeeping Clerks,"52,300"
Pediatric Surgeons,"362,970"
"Pediatricians, General","203,240"
Personal Appearance Workers,"38,720"
Personal Care and Service Occupations,"36,210"
"Personal Care and Service Workers, All Other","33,580"
Personal Financial Advisors,"137,740"
Personal Service Managers,"75,250"
"Personal Service Managers, All Other","60,510"
Pest Control Workers,"42,210"
"Pesticide Handlers, Sprayers, and Applicators, Vegetation","42,560"
Petroleum Engineers,"142,800"
"Petroleum Pump System Operators, Refinery Operators, and Gaugers","84,140"
Pharmacists,"129,410"
Pharmacy Aides,"35,870"
Pharmacy Technicians,"40,260"
"Philosophy and Religion Teachers, Postsecondary","87,100"
Phlebotomists,"40,580"
Photographers,"50,210"
Photographic Process Workers and Processing Machine Operators,"42,750"
"Physical Sciences Teachers, Postsecondary","98,880"
Physical Scientists,"97,570"
"Physical Scientists, All Other","116,230"
Physical Therapist Aides,"33,210"
Physical Therapist Assistants,"64,510"
Physical Therapist Assistants and Aides,"54,980"
Physical Therapists,"97,960"
Physician Assistants,"125,270"
Physicians,"251,990"
"Physicians, All Other","238,700"
"Physicians, Pathologists","252,850"
Physicists,"150,130"
"Physics Teachers, Postsecondary","100,810"
Pile Driver Operators,"70,220"
Pipelayers,"51,230"
"Pipelayers, Plumbers, Pipefitters, and Steamfitters","64,110"
Plant and System Operators,"70,400"
"Plant and System Operators, All Other","60,070"
Plasterers and Stucco Masons,"55,650"
"Plating Machine Setters, Operators, and Tenders, Metal and Plastic","40,290"
"Plumbers, Pipefitters, and Steamfitters","65,190"
Podiatrists,"157,970"
Police and Sheriff's Patrol Officers,"71,380"
Police Officers,"71,410"
"Political Science Teachers, Postsecondary","98,420"
Political Scientists,"126,140"
Postal Service Clerks,"56,400"
Postal Service Mail Carriers,"56,240"
"Postal Service Mail Sorters, Processors, and Processing Machine Operators","52,990"
Postal Service Workers,"55,520"
Postmasters and Mail Superintendents,"84,190"
Postsecondary Teachers,"96,130"
"Postsecondary Teachers, All Other","91,760"
"Pourers and Casters, Metal","46,600"
Power Distributors and Dispatchers,"101,360"
Power Plant Operators,"88,960"
"Power Plant Operators, Distributors, and Dispatchers","94,820"
Precision Instrument and Equipment Repairers,"59,300"
"Precision Instrument and Equipment Repairers, All Other","63,970"
Prepress Technicians and Workers,"44,880"
Preschool and Kindergarten Teachers,"44,540"
"Preschool Teachers, Except Special Education","38,640"
"Preschool, Elementary, Middle, Secondary, and Special Education Teachers","65,580"
"Pressers, Textile, Garment, and Related Materials","30,650"
Print Binding and Finishing Workers,"38,850"
Printing Press Operators,"42,730"
Printing Workers,"42,280"
Private Detectives and Investigators,"59,400"
Probation Officers and Correctional Treatment Specialists,"64,920"
Procurement Clerks,"46,560"
Producers and Directors,"110,660"
Production Occupations,"45,370"
"Production Workers, All Other","38,860"
"Production, Planning, and Expediting Clerks","55,080"
Project Management Specialists,"101,610"
Proofreaders and Copy Markers,"48,770"
Property Appraisers and Assessors,"80,460"
"Property, Real Estate, and Community Association Managers","76,110"
Protective Service Occupations,"54,010"
"Protective Service Workers, All Other","43,270"
Psychiatric Aides,"38,620"
Psychiatric Technicians,"40,760"
Psychiatrists,"247,350"
Psychologists,"96,190"
"Psychologists, All Other","99,560"
"Psychology Teachers, Postsecondary","88,470"
Public Relations and Fundraising Managers,"142,610"
Public Relations Managers,"150,030"
Public Relations Specialists,"78,540"
Public Safety Telecommunicators,"49,370"
"Pump Operators, Except Wellhead Pumpers","59,150"
Pumping Station Operators,"62,620"
Purchasing Managers,"140,650"
Radiation Therapists,"98,340"
Radio and Telecommunications Equipment Installers and Repairers,"61,730"
"Radio, Cellular, and Tower Equipment Installers and Repairers","62,570"
Radiologic Technologists and Technicians,"70,240"
Radiologists,"329,080"
Rail Car Repairers,"61,960"
Rail Transportation Workers,"70,040"
"Rail Transportation Workers, All Other","46,780"
"Rail Yard Engineers, Dinkey Operators, and Hostlers","58,430"
Rail-Track Laying and Maintenance Equipment Operators,"63,840"
"Railroad Brake, Signal, and Switch Operators and Locomotive Firers","64,810"
Railroad Conductors and Yardmasters,"69,190"
Real Estate Brokers,"90,930"
Real Estate Brokers and Sales Agents,"71,200"
Real Estate Sales Agents,"65,850"
Receptionists and Information Clerks,"34,600"
"Recreation and Fitness Studies Teachers, Postsecondary","82,020"
Recreation and Fitness Workers,"41,870"
Recreation Workers,"34,170"
Recreational Therapists,"56,310"
Recreational Vehicle Service Technicians,"47,320"
"Refractory Materials Repairers, Except Brickmasons","51,010"
Refuse and Recyclable Material Collectors,"45,560"
Registered Nurses,"89,010"
Rehabilitation Counselors,"46,020"
Reinforcing Iron and Rebar Workers,"57,780"
Religious Workers,"58,480"
"Religious Workers, All Other","45,420"
Reservation and Transportation Ticket Agents and Travel Clerks,"45,440"
Residential Advisors,"37,530"
Respiratory Therapists,"74,310"
Retail Sales Workers,"32,500"
Retail Salespersons,"34,730"
Riggers,"58,700"
"Rock Splitters, Quarry","47,010"
"Rolling Machine Setters, Operators, and Tenders, Metal and Plastic","48,250"
"Roof Bolters, Mining","63,990"
Roofers,"51,910"
"Rotary Drill Operators, Oil and Gas","60,450"
"Roustabouts, Oil and Gas","45,750"
Sailors and Marine Oilers,"53,350"
Sales and Related Occupations,"50,370"
"Sales and Related Workers, All Other","56,440"
Sales Engineers,"125,460"
Sales Managers,"150,530"
"Sales Representatives of Services, Except Advertising, Insurance, Financial Services, and Travel","77,390"
"Sales Representatives, Services","81,230"
"Sales Representatives, Wholesale and Manufacturing","83,030"
"Sales Representatives, Wholesale and Manufacturing, Except Technical and Scientific Products","76,890"
"Sales Representatives, Wholesale and Manufacturing, Technical and Scientific Products","109,950"
"Sawing Machine Setters, Operators, and Tenders, Wood","37,450"
School Bus Monitors,"31,040"
School Psychologists,"87,550"
Secondary School Teachers,"69,330"
"Secondary School Teachers, Except Special and Career/Technical Education","69,480"
Secretaries and Administrative Assistants,"47,670"
"Secretaries and Administrative Assistants, Except Legal, Medical, and Executive","43,410"
"Securities, Commodities, and Financial Services Sales Agents","100,740"
Security and Fire Alarm Systems Installers,"54,280"
Security Guards,"36,700"
Security Guards and Gambling Surveillance Officers,"36,720"
Self-Enrichment Teachers,"50,320"
Semiconductor Processing Technicians,"48,370"
"Separating, Filtering, Clarifying, Precipitating, and Still Machine Setters, Operators, and Tenders","48,980"
Septic Tank Servicers and Sewer Pipe Cleaners,"47,580"
"Service Unit Operators, Oil and Gas","57,170"
Set and Exhibit Designers,"68,490"
"Sewers, Hand","33,440"
Sewing Machine Operators,"33,130"
Shampooers,"27,870"
Sheet Metal Workers,"61,300"
Ship and Boat Captains and Operators,"99,540"
Ship Engineers,"100,980"
"Shipping, Receiving, and Inventory Clerks","40,450"
Shoe and Leather Workers,"34,490"
Shoe and Leather Workers and Repairers,"34,600"
Shoe Machine Operators and Tenders,"34,160"
Shuttle Drivers and Chauffeurs,"35,000"
Signal and Track Switch Repairers,"77,370"
Skincare Specialists,"47,790"
Slaughterers and Meat Packers,"34,920"
Small Engine Mechanics,"45,560"
Social and Community Service Managers,"79,310"
Social and Human Service Assistants,"41,600"
Social Science Research Assistants,"57,760"
"Social Sciences Teachers, Postsecondary","94,480"
"Social Sciences Teachers, Postsecondary, All Other","89,350"
Social Scientists and Related Workers,"94,560"
"Social Scientists and Related Workers, All Other","94,560"
"Social Work Teachers, Postsecondary","75,330"
Social Workers,"59,440"
"Social Workers, All Other","64,360"
Sociologists,"101,310"
"Sociology Teachers, Postsecondary","90,200"
"Software and Web Developers, Programmers, and Testers","124,940"
Software Developers,"132,930"
Software Quality Assurance Analysts and Testers,"105,750"
Soil and Plant Scientists,"76,410"
Solar Photovoltaic Installers,"47,970"
Sound Engineering Technicians,"75,590"
Special Education Teachers,"70,110"
"Special Education Teachers, All Other","74,310"
"Special Education Teachers, Kindergarten and Elementary School","68,580"
"Special Education Teachers, Middle School","69,530"
"Special Education Teachers, Preschool","69,620"
"Special Education Teachers, Secondary School","71,290"
Special Effects Artists and Animators,"111,130"
Speech-Language Pathologists,"89,460"
Stationary Engineers and Boiler Operators,"72,570"
Statistical Assistants,"54,630"
Statisticians,"105,510"
Stockers and Order Fillers,"35,550"
Stonemasons,"56,100"
Structural Iron and Steel Workers,"64,800"
Structural Metal Fabricators and Fitters,"48,870"
"Substance Abuse, Behavioral Disorder, and Mental Health Counselors","56,230"
"Substitute Teachers, Short-Term","42,680"
Subway and Streetcar Operators,"75,880"
Supervisors of Building and Grounds Cleaning and Maintenance Workers,"50,980"
Supervisors of Construction and Extraction Workers,"77,650"
"Supervisors of Farming, Fishing, and Forestry Workers","58,820"
Supervisors of Food Preparation and Serving Workers,"43,330"
"Supervisors of Installation, Maintenance, and Repair Workers","76,020"
Supervisors of Office and Administrative Support Workers,"65,510"
Supervisors of Personal Care and Service Workers,"48,790"
Supervisors of Production Workers,"69,100"
Supervisors of Protective Service Workers,"81,500"
Supervisors of Sales Workers,"58,450"
Supervisors of Transportation and Material Moving Workers,"60,850"
Surface Mining Machine Operators and Earth Drillers,"54,850"
Surgeons,"337,980"
"Surgeons, All Other","347,870"
Surgical Assistants,"61,200"
Surgical Technologists,"57,500"
Survey Researchers,"66,440"
Surveying and Mapping Technicians,"51,570"
Surveyors,"71,060"
"Surveyors, Cartographers, and Photogrammetrists","71,980"
"Switchboard Operators, Including Answering Service","37,230"
"Tailors, Dressmakers, and Custom Sewers","37,230"
"Tailors, Dressmakers, and Sewers","36,590"
"Tank Car, Truck, and Ship Loaders","58,680"
Tapers,"65,880"
"Tax Examiners and Collectors, and Revenue Agents","64,410"
"Tax Examiners, Collectors and Preparers, and Revenue Agents","59,100"
Tax Preparers,"55,840"
Taxi Drivers,"32,710"
"Teachers and Instructors, All Other","66,450"
Teaching Assistants,"34,530"
"Teaching Assistants, Except Postsecondary","33,740"
"Teaching Assistants, Postsecondary","41,900"
Technical Writers,"86,760"
"Telecommunications Equipment Installers and Repairers, Except Line Installers","61,670"
Telecommunications Line Installers and Repairers,"64,280"
Telemarketers,"33,600"
Telephone Operators,"41,590"
"Television, Video, and Film Camera Operators and Editors","76,380"
Tellers,"36,800"
Terrazzo Workers and Finishers,"61,680"
Textile Bleaching and Dyeing Machine Operators and Tenders,"33,900"
"Textile Cutting Machine Setters, Operators, and Tenders","34,970"
"Textile Knitting and Weaving Machine Setters, Operators, and Tenders","35,710"
"Textile Machine Setters, Operators, and Tenders","34,910"
"Textile Winding, Twisting, and Drawing Out Machine Setters, Operators, and Tenders","34,610"
"Textile, Apparel, and Furnishings Workers","33,170"
"Textile, Apparel, and Furnishings Workers, All Other","35,520"
Therapists,"88,800"
"Therapists, All Other","71,860"
Tile and Stone Setters,"53,680"
Timing Device Assemblers and Adjusters,"46,480"
Tire Builders,"50,600"
Tire Repairers and Changers,"34,970"
"Title Examiners, Abstractors, and Searchers","57,030"
Tool and Die Makers,"59,390"
"Tool Grinders, Filers, and Sharpeners","46,040"
Top Executives,"129,050"
Tour and Travel Guides,"37,790"
Traffic Technicians,"54,720"
Training and Development Managers,"132,100"
Training and Development Specialists,"69,870"
Transit and Railroad Police,"76,380"
Transportation and Material Moving Occupations,"43,930"
Transportation Inspectors,"79,770"
Transportation Security Screeners,"48,520"
Transportation Service Attendants,"33,500"
"Transportation Workers, All Other","40,290"
"Transportation, Storage, and Distribution Managers","108,910"
Travel Agents,"48,250"
Tree Trimmers and Pruners,"49,820"
Tutors,"44,820"
"Umpires, Referees, and Other Sports Officials","49,030"
Underground Mining Machine Operators,"59,340"
"Underground Mining Machine Operators, All Other","61,990"
Upholsterers,"41,900"
Urban and Regional Planners,"82,420"
"Ushers, Lobby Attendants, and Ticket Takers","28,700"
"Vehicle and Mobile Equipment Mechanics, Installers, and Repairers","52,750"
Veterinarians,"129,110"
Veterinary Assistants and Laboratory Animal Caretakers,"34,490"
Veterinary Technologists and Technicians,"40,770"
Waiters and Waitresses,"33,020"
Watch and Clock Repairers,"49,580"
Water and Wastewater Treatment Plant and System Operators,"55,690"
Water Transportation Workers,"82,200"
Web and Digital Interface Designers,"101,740"
Web Developers,"87,580"
"Weighers, Measurers, Checkers, and Samplers, Recordkeeping","41,470"
"Welders, Cutters, Solderers, and Brazers","50,460"
"Welding, Soldering, and Brazing Machine Setters, Operators, and Tenders","46,110"
"Welding, Soldering, and Brazing Workers","50,160"
Wellhead Pumpers,"65,510"
Wind Turbine Service Technicians,"59,880"
Woodworkers,"39,750"
"Woodworkers, All Other","36,870"
"Woodworking Machine Setters, Operators, and Tenders","37,800"
"Woodworking Machine Setters, Operators, and Tenders, Except Sawing","38,060"
Word Processors and Typists,"44,990"
Writers and Authors,"91,560"
Writers and Editors,"87,070"
Zoologists and Wildlife Biologists,"72,610"